INSERT INTO shops (id, name) VALUES (1, 'Lidl') ON CONFLICT DO NOTHING;
INSERT INTO shops (id, name) VALUES (2, 'Kaufland') ON CONFLICT DO NOTHING;
INSERT INTO shops (id, name) VALUES (3, 'Tesco') ON CONFLICT DO NOTHING;
INSERT INTO shops (id, name) VALUES (4, 'Aldi') ON CONFLICT DO NOTHING;
INSERT INTO shops (id, name) VALUES (5, 'Carrefour') ON CONFLICT DO NOTHING;
INSERT INTO shops (id, name) VALUES (6, 'Auchan') ON CONFLICT DO NOTHING;
INSERT INTO shops (id, name) VALUES (7, 'Biedronka') ON CONFLICT DO NOTHING;
INSERT INTO shops (id, name) VALUES (8, 'Intermarché') ON CONFLICT DO NOTHING;
INSERT INTO shops (id, name) VALUES (9, 'Netto') ON CONFLICT DO NOTHING;
INSERT INTO shops (id, name) VALUES (10, 'Lewa') ON CONFLICT DO NOTHING;
INSERT INTO shops (id, name) VALUES (11, 'Żabka') ON CONFLICT DO NOTHING;
INSERT INTO shops (id, name) VALUES (12, 'Stokrotka') ON CONFLICT DO NOTHING;
INSERT INTO shops (id, name) VALUES (13, 'E.Leclerc') ON CONFLICT DO NOTHING;
INSERT INTO shops (id, name) VALUES (14, 'Polomarket') ON CONFLICT DO NOTHING;
INSERT INTO shops (id, name) VALUES (15, 'Delikatesy Centrum') ON CONFLICT DO NOTHING;
INSERT INTO shops (id, name) VALUES (16, 'Top Market') ON CONFLICT DO NOTHING;
INSERT INTO shops (id, name) VALUES (17, 'Piotr i Paweł') ON CONFLICT DO NOTHING;
INSERT INTO shops (id, name) VALUES (18, 'Dino') ON CONFLICT DO NOTHING;
INSERT INTO shops (id, name) VALUES (19, 'Spar') ON CONFLICT DO NOTHING;
INSERT INTO shops (id, name) VALUES (20, 'Mila') ON CONFLICT DO NOTHING;

INSERT INTO product_types (id, name) VALUES (1, 'Nabiał') ON CONFLICT DO NOTHING;
INSERT INTO product_types (id, name) VALUES (2, 'Pieczywo') ON CONFLICT DO NOTHING;
INSERT INTO product_types (id, name) VALUES (3, 'Napoje') ON CONFLICT DO NOTHING;
INSERT INTO product_types (id, name) VALUES (4, 'Mięso') ON CONFLICT DO NOTHING;
INSERT INTO product_types (id, name) VALUES (5, 'Owoce') ON CONFLICT DO NOTHING;
INSERT INTO product_types (id, name) VALUES (6, 'Warzywa') ON CONFLICT DO NOTHING;
INSERT INTO product_types (id, name) VALUES (7, 'Owoce morza') ON CONFLICT DO NOTHING;
INSERT INTO product_types (id, name) VALUES (8, 'Przekąski') ON CONFLICT DO NOTHING;
INSERT INTO product_types (id, name) VALUES (9, 'Mrożonki') ON CONFLICT DO NOTHING;
INSERT INTO product_types (id, name) VALUES (10, 'Konserwy') ON CONFLICT DO NOTHING;
INSERT INTO product_types (id, name) VALUES (11, 'Produkty sypkie') ON CONFLICT DO NOTHING;
INSERT INTO product_types (id, name) VALUES (12, 'Przyprawy') ON CONFLICT DO NOTHING;
INSERT INTO product_types (id, name) VALUES (13, 'Produkty do pieczenia') ON CONFLICT DO NOTHING;
INSERT INTO product_types (id, name) VALUES (14, 'Delikatesy') ON CONFLICT DO NOTHING;
INSERT INTO product_types (id, name) VALUES (15, 'Dania gotowe') ON CONFLICT DO NOTHING;
INSERT INTO product_types (id, name) VALUES (16, 'Zdrowie i uroda') ON CONFLICT DO NOTHING;
INSERT INTO product_types (id, name) VALUES (17, 'Artykuły gospodarstwa domowego') ON CONFLICT DO NOTHING;
INSERT INTO product_types (id, name) VALUES (18, 'Artykuły dla zwierząt') ON CONFLICT DO NOTHING;
INSERT INTO product_types (id, name) VALUES (19, 'Artykuły dla dzieci') ON CONFLICT DO NOTHING;
INSERT INTO product_types (id, name) VALUES (20, 'Napoje alkoholowe') ON CONFLICT DO NOTHING;


INSERT INTO products (id, name, price, shop_id, product_type_id) VALUES (1, 'Mleko', 3.50, 1, 1) ON CONFLICT DO NOTHING;
INSERT INTO products (id, name, price, shop_id, product_type_id) VALUES (2, 'Chleb', 500, 2, 2) ON CONFLICT DO NOTHING;
INSERT INTO products (id, name, price, shop_id, product_type_id) VALUES (3, 'Sok Pomarańczowy', 4.50, 3, 3) ON CONFLICT DO NOTHING;
INSERT INTO products (id, name, price, shop_id, product_type_id) VALUES (4, 'Kiełbasa', 15.00, 4, 4) ON CONFLICT DO NOTHING;
INSERT INTO products (id, name, price, shop_id, product_type_id) VALUES (5, 'Jabłka', 5.00, 5, 5) ON CONFLICT DO NOTHING;
INSERT INTO products (id, name, price, shop_id, product_type_id) VALUES (6, 'Marchewki', 3.00, 6, 6) ON CONFLICT DO NOTHING;
INSERT INTO products (id, name, price, shop_id, product_type_id) VALUES (7, 'Łosoś', 25.00, 7, 7) ON CONFLICT DO NOTHING;
INSERT INTO products (id, name, price, shop_id, product_type_id) VALUES (8, 'Czekolada', 7.50, 8, 8) ON CONFLICT DO NOTHING;
INSERT INTO products (id, name, price, shop_id, product_type_id) VALUES (9, 'Mrożona Pizza', 12.00, 9, 9) ON CONFLICT DO NOTHING;
INSERT INTO products (id, name, price, shop_id, product_type_id) VALUES (10, 'Fasola Konserwowa', 3.20, 10, 10) ON CONFLICT DO NOTHING;
INSERT INTO products (id, name, price, shop_id, product_type_id) VALUES (11, 'Makaron', 4.00, 11, 11) ON CONFLICT DO NOTHING;
INSERT INTO products (id, name, price, shop_id, product_type_id) VALUES (12, 'Pieprz', 2.50, 12, 12) ON CONFLICT DO NOTHING;
INSERT INTO products (id, name, price, shop_id, product_type_id) VALUES (13, 'Mąka', 3.80, 13, 13) ON CONFLICT DO NOTHING;
INSERT INTO products (id, name, price, shop_id, product_type_id) VALUES (14, 'Szynka', 20.00, 14, 14) ON CONFLICT DO NOTHING;
INSERT INTO products (id, name, price, shop_id, product_type_id) VALUES (15, 'Gotowa Sałatka', 10.00, 15, 15) ON CONFLICT DO NOTHING;
INSERT INTO products (id, name, price, shop_id, product_type_id) VALUES (16, 'Szampon', 12.50, 16, 16) ON CONFLICT DO NOTHING;
INSERT INTO products (id, name, price, shop_id, product_type_id) VALUES (17, 'Płyn do Naczyń', 8.00, 17, 17) ON CONFLICT DO NOTHING;
INSERT INTO products (id, name, price, shop_id, product_type_id) VALUES (18, 'Karma dla Psów', 15.00, 18, 18) ON CONFLICT DO NOTHING;
INSERT INTO products (id, name, price, shop_id, product_type_id) VALUES (19, 'Pieluchy', 30.00, 19, 19) ON CONFLICT DO NOTHING;
INSERT INTO products (id, name, price, shop_id, product_type_id) VALUES (20, 'Piwo', 5.50, 20, 20) ON CONFLICT DO NOTHING;
INSERT INTO products (id, name, price, shop_id, product_type_id) VALUES (21, 'Mleko', 4, 2, 2) ON CONFLICT DO NOTHING;
INSERT INTO products (id, name, price, shop_id, product_type_id) VALUES (22, 'Chleb', 2.80, 1, 1) ON CONFLICT DO NOTHING;